epoch,time,train/box_loss,train/cls_loss,train/dfl_loss,metrics/precision(B),metrics/recall(B),metrics/mAP50(B),metrics/mAP50-95(B),val/box_loss,val/cls_loss,val/dfl_loss,lr/pg0,lr/pg1,lr/pg2
1,9.17987,1.1106,3.5338,1.45976,0.00171,0.46429,0.02477,0.00899,1.73859,4.52461,2.59379,0.08812,0.00012,0.00012
2,18.5981,1.1648,2.96084,1.40559,0.00193,0.48214,0.09912,0.03595,1.46023,4.06743,2.00431,0.0751675,0.0001675,0.0001675
3,28.3042,1.19223,2.68282,1.43049,0.01043,0.50714,0.11256,0.04676,1.31736,3.91277,1.78855,0.0621292,0.0001292,0.0001292
